{"--slds-c-tabs-list-sizing-border":{"fallbackValue":"2px","category":"Sizing","valueType":"Dimension"},"--slds-c-tabs-list-color-border":{"fallbackValue":"4, #e5e5e5","category":"Color","valueType":"Color"},"--slds-c-tabs-item-text-color":{"fallbackValue":"30, #444444","category":"Color","valueType":"Color"},"--slds-c-tabs-item-spacing-block-start":{"fallbackValue":"0","category":"Spacing","valueType":"Dimension"},"--slds-c-tabs-item-spacing-inline-end":{"fallbackValue":"0.75rem","category":"Spacing","valueType":"Dimension"},"--slds-c-tabs-item-spacing-block-end":{"fallbackValue":"0","category":"Spacing","valueType":"Dimension"},"--slds-c-tabs-item-spacing-inline-start":{"fallbackValue":"0.75rem","category":"Spacing","valueType":"Dimension"},"--slds-c-tabs-item-text-color-active":{"fallbackValue":"10, #181818","category":"Color","valueType":"Color"},"--slds-c-tabs-item-color-border-active":{"fallbackValue":"#1b96ff","category":"Color","valueType":"Color"},"--slds-c-tabs-item-color-border-hover":{"fallbackValue":"#0176d3","category":"Color","valueType":"Color"},"--slds-c-tabs-item-sizing-height":{"fallbackValue":"2.5rem","category":"Sizing","valueType":"Dimension"},"--slds-c-tabs-item-line-height":{"fallbackValue":"2.5rem","category":"Text","valueType":"Number"},"--slds-c-tabs-panel-spacing-block-start":{"fallbackValue":"0.75rem","category":"Spacing","valueType":"Dimension"},"--slds-c-tabs-panel-spacing-inline-end":{"fallbackValue":"0","category":"Spacing","valueType":"Dimension"},"--slds-c-tabs-panel-spacing-block-end":{"fallbackValue":"0.75rem","category":"Spacing","valueType":"Dimension"},"--slds-c-tabs-panel-spacing-inline-start":{"fallbackValue":"0","category":"Spacing","valueType":"Dimension"}}