{"--slds-c-modal-heading-font-weight":{"fallbackValue":"","category":"Text","valueType":"String, Number"},"--slds-c-modal-heading-font-size":{"fallbackValue":"1.25rem","category":"Font","valueType":"Dimension"},"--slds-c-modal-heading-line-height":{"fallbackValue":"1.25","category":"Text","valueType":"Number"},"--slds-c-modal-radius-border":{"fallbackValue":"0.25rem","category":"Radius","valueType":"Dimension"},"--slds-c-modal-sizing-border":{"fallbackValue":"2px","category":"Sizing","valueType":"Dimension"},"--slds-c-modal-color-border":{"fallbackValue":"1, #e5e5e5","category":"Color","valueType":"Color"},"--slds-c-modal-header-color-background":{"fallbackValue":"100, white","category":"Color","valueType":"Color"},"--slds-c-modal-header-text-color":{"fallbackValue":"","category":"Color","valueType":"Color"},"--slds-c-modal-header-spacing-block-start":{"fallbackValue":"1rem","category":"Spacing","valueType":"Dimension"},"--slds-c-modal-header-spacing-inline-end":{"fallbackValue":"1rem","category":"Spacing","valueType":"Dimension"},"--slds-c-modal-header-spacing-block-end":{"fallbackValue":"1rem","category":"Spacing","valueType":"Dimension"},"--slds-c-modal-header-spacing-inline-start":{"fallbackValue":"1rem","category":"Spacing","valueType":"Dimension"},"--slds-c-modal-content-color-background":{"fallbackValue":"100, white","category":"Color","valueType":"Color"},"--slds-c-modal-content-text-color":{"fallbackValue":"","category":"Color","valueType":"Color"},"--slds-c-modal-shadow":{"fallbackValue":"0 2px 3px 0 rgba(0, 0, 0, 0.16)","category":"Box Shadow","valueType":"String"},"--slds-c-modal-footer-color-background":{"fallbackValue":"95, #f3f3f3","category":"Color","valueType":"Color"},"--slds-c-modal-footer-text-color":{"fallbackValue":"","category":"Color","valueType":"Color"},"--slds-c-modal-footer-spacing-block-start":{"fallbackValue":"0.75rem","category":"Spacing","valueType":"Dimension"},"--slds-c-modal-footer-spacing-inline-end":{"fallbackValue":"1rem","category":"Spacing","valueType":"Dimension"},"--slds-c-modal-footer-spacing-block-end":{"fallbackValue":"0.75rem","category":"Spacing","valueType":"Dimension"},"--slds-c-modal-footer-spacing-inline-start":{"fallbackValue":"1rem","category":"Spacing","valueType":"Dimension"},"--slds-c-backdrop-color-background":{"fallbackValue":"10-opacity-50, rgba(8, 7, 7, 0.6)","category":"Color","valueType":"Color"}}