{"--slds-c-textarea-sizing-min-height":{"fallbackValue":"","category":"Sizing","valueType":"Dimension"},"--slds-c-textarea-spacing-block-start":{"fallbackValue":"0.5rem","category":"Spacing","valueType":"Dimension"},"--slds-c-textarea-spacing-inline-end":{"fallbackValue":"0.75rem","category":"Spacing","valueType":"Dimension"},"--slds-c-textarea-spacing-block-end":{"fallbackValue":"0.5rem","category":"Spacing","valueType":"Dimension"},"--slds-c-textarea-spacing-inline-start":{"fallbackValue":"0.75rem","category":"Spacing","valueType":"Dimension"},"--slds-c-textarea-color-background":{"fallbackValue":"100, white","category":"Color","valueType":"Color"},"--slds-c-textarea-text-color":{"fallbackValue":"","category":"Color","valueType":"Color"},"--slds-c-textarea-color-border":{"fallbackValue":"4, #c9c9c9","category":"Color","valueType":"Color"},"--slds-c-textarea-radius-border":{"fallbackValue":"0.25rem","category":"Radius","valueType":"Dimension"},"--slds-c-textarea-shadow":{"fallbackValue":"","category":"Box Shadow","valueType":"String"},"--slds-c-textarea-text-color-focus":{"fallbackValue":"","category":"Color","valueType":"Color"},"--slds-c-textarea-color-background-focus":{"fallbackValue":"100, white","category":"Color","valueType":"Color"},"--slds-c-textarea-color-border-focus":{"fallbackValue":"60, #1b96ff","category":"Color","valueType":"Color"},"--slds-c-textarea-shadow-focus":{"fallbackValue":"1, 0 0 3px #0176d3","category":"Box Shadow","valueType":"String"},"--slds-c-textarea-text-color-error-focus":{"fallbackValue":"","category":"Color","valueType":"Color"},"--slds-c-textarea-color-background-error-focus":{"fallbackValue":"100, white","category":"Color","valueType":"Color"}}