{"ai":{"synonyms":["adobe","illustrator","image","vector"]},"attachment":{"synonyms":["file","paperclip","paperclip"]},"audio":{"synonyms":["music","sound"]},"box_notes":{"synonyms":["pencil","text"]},"css":{"synonyms":["css","stylesheet","cascading_stylesheet","styles","styling","web_styles","style_language"]},"csv":{"synonyms":["spreadsheet","sheet","comma"]},"eps":{"synonyms":["adobe","illustrator","image"]},"excel":{"synonyms":["microsoft","spreadsheet","sheet","xls","xlsx"]},"exe":{"synonyms":["program","binary"]},"flash":{"synonyms":["adobe","animation"]},"folder":{"synonyms":[]},"gdoc":{"synonyms":["google","text"]},"gdocs":{"synonyms":["google"]},"gform":{"synonyms":["google"]},"gpres":{"synonyms":["google","presentation","slides"]},"gsheet":{"synonyms":["google","spreadsheet"]},"html":{"synonyms":["code","web"]},"image":{"synonyms":[]},"keynote":{"synonyms":["apple","presentation","slides"]},"library_folder":{"synonyms":["building"]},"link":{"synonyms":["chain"]},"mp4":{"synonyms":["video","audio"]},"overlay":{"synonyms":[]},"pack":{"synonyms":["box","java"]},"pages":{"synonyms":["apple","text"]},"pdf":{"synonyms":["adobe","acrobat","document"]},"ppt":{"synonyms":["microsoft","presentation","slides"]},"psd":{"synonyms":["adobe","photoshop","image"]},"quip_doc":{"synonyms":["text"]},"quip_sheet":{"synonyms":["spreadsheet"]},"quip_slide":{"synonyms":["presentation"]},"rtf":{"synonyms":["rich","text","format"]},"shared_folder":{"synonyms":[]},"slide":{"synonyms":["presentation"]},"stypi":{"synonyms":["text"]},"txt":{"synonyms":["text"]},"unknown":{"synonyms":["blank","file"]},"video":{"synonyms":["triangle","play"]},"visio":{"synonyms":["microsoft","flowchart","diagram"]},"webex":{"synonyms":["cisco","video","conference","conferencing","meeting"]},"word":{"synonyms":["microsoft","doc","docx","text"]},"xml":{"synonyms":["extensible","markup","language"]},"zip":{"synonyms":["compressed","compression","archive"]}}