{"--slds-c-alert-spacing-block-start":{"fallbackValue":"0.5rem","category":"Spacing","valueType":"Dimension"},"--slds-c-alert-spacing-inline-end":{"fallbackValue":"2rem","category":"Spacing","valueType":"Dimension"},"--slds-c-alert-spacing-block-end":{"fallbackValue":"0.5rem","category":"Spacing","valueType":"Dimension"},"--slds-c-alert-spacing-inline-start":{"fallbackValue":"0.5rem","category":"Spacing","valueType":"Dimension"},"--slds-c-alert-text-color":{"fallbackValue":"100, white","category":"Color","valueType":"Color"},"--slds-c-alert-font-weight":{"fallbackValue":"","category":"Text","valueType":"String, Number"},"--slds-c-alert-color-background":{"fallbackValue":"50, #747474","category":"Color","valueType":"Color"},"--slds-c-alert-image-background":{"fallbackValue":"10-opacity-10, rgba(0, 0, 0, 0.025)) 50%, var(--slds-g-color-neutral-10-opacity-10, rgba(0, 0, 0, 0.025","category":"Image","valueType":"Image"},"--slds-c-alert-size-background":{"fallbackValue":"64px 64px","category":"Image","valueType":"String, Dimension"},"--slds-c-alert-shadow":{"fallbackValue":"1, 0 0 3px #0176d3","category":"Box Shadow","valueType":"String"},"--slds-c-alert-sizing-border":{"fallbackValue":"1px","category":"Sizing","valueType":"Dimension"},"--slds-c-alert-color-border":{"fallbackValue":"transparent","category":"Color","valueType":"Color"},"--slds-c-alert-text-color-active":{"fallbackValue":"100-opacity-50, rgba(255, 255, 255, 0.5)","category":"Color","valueType":"Color"}}