{"--slds-c-dropdown-font-family":{"fallbackValue":""},"--slds-c-dropdown-font-size":{"fallbackValue":"0.75rem","category":"Font","valueType":"Dimension"},"--slds-c-dropdown-font-weight":{"fallbackValue":"","category":"Text","valueType":"String, Number"},"--slds-c-dropdown-font-style":{"fallbackValue":""},"--slds-c-dropdown-font-decoration":{"fallbackValue":""},"--slds-c-dropdown-font-lineheight":{"fallbackValue":""},"--slds-c-dropdown-letter-spacing":{"fallbackValue":"","category":"Spacing","valueType":"Dimension"},"--slds-c-dropdown-color":{"fallbackValue":"10, #181818"},"--slds-c-dropdown-item-color-background":{"fallbackValue":"","category":"Color","valueType":"Color"},"--slds-c-dropdown-item-color":{"fallbackValue":"10, #181818"},"--slds-c-dropdown-item-color-background-hover":{"fallbackValue":"95, #f3f3f3","category":"Color","valueType":"Color"},"--slds-c-dropdown-item-color-hover":{"fallbackValue":""},"--slds-c-dropdown-item-color-background-focus":{"fallbackValue":"95, #f3f3f3","category":"Color","valueType":"Color"},"--slds-c-dropdown-item-color-focus":{"fallbackValue":""},"--slds-c-dropdown-item-color-background-active":{"fallbackValue":"95, #f3f3f3","category":"Color","valueType":"Color"},"--slds-c-dropdown-item-color-active":{"fallbackValue":""},"--slds-c-dropdown-item-color-background-disabled":{"fallbackValue":"transparent","category":"Color","valueType":"Color"},"--slds-c-dropdown-item-color-disabled":{"fallbackValue":"80, #c9c9c9"}}