{"--slds-c-avatar-radius-border":{"fallbackValue":"0.25rem","category":"Radius","valueType":"Dimension"},"--slds-c-avatar-text-color":{"fallbackValue":"100, white","category":"Color","valueType":"Color"},"--slds-c-avatar-text-color-hover":{"fallbackValue":"currentColor","category":"Color","valueType":"Color"},"--slds-c-avatar-initials-text-color":{"fallbackValue":"","category":"Color","valueType":"Color"},"--slds-c-avatar-initials-text-color-hover":{"fallbackValue":"100, white","category":"Color","valueType":"Color"},"--slds-c-avatar-inverse-text-color":{"fallbackValue":"30, #444444","category":"Color","valueType":"Color"}}