{"--slds-c-listbox-option-color":{"fallbackValue":""},"--slds-c-listbox-option-color-background":{"fallbackValue":"","category":"Color","valueType":"Color"},"--slds-c-listbox-option-color-hover":{"fallbackValue":""},"--slds-c-listbox-option-color-background-hover":{"fallbackValue":"95, #f3f3f3","category":"Color","valueType":"Color"},"--slds-c-listbox-option-color-focus":{"fallbackValue":""},"--slds-c-listbox-option-color-background-focus":{"fallbackValue":"95, #f3f3f3","category":"Color","valueType":"Color"},"--slds-c-listbox-option-color-disabled":{"fallbackValue":"50, #c9c9c9"},"--slds-c-listbox-option-color-background-disabled":{"fallbackValue":"transparent","category":"Color","valueType":"Color"},"--slds-c-listbox-option-meta-color":{"fallbackValue":"30, #444444"},"--slds-c-listbox-option-meta-color-hover":{"fallbackValue":""},"--slds-c-listbox-option-meta-color-focus":{"fallbackValue":""},"--slds-c-listbox-option-meta-color-disabled":{"fallbackValue":"currentColor"}}