{
  "index_name": "winter-26",
  "start_urls": [
    {
      "url": "http://host.docker.internal/components/overview",
      "page_rank": 2
    },
    {
      "url": "http://host.docker.internal/design-tokens/",
      "page_rank": 1
    },
    {
      "url": "http://host.docker.internal/icons/",
      "page_rank": 1
    },
    {
      "url": "http://host.docker.internal/guidelines/",
      "page_rank": -1
    },
    {
      "url": "http://host.docker.internal/kinetics/",
      "page_rank": -1
    },
    {
      "url": "http://host.docker.internal/resources/faq/",
      "page_rank": -2
    },
    {
      "url": "http://host.docker.internal/platforms/",
      "page_rank": -2
    },
    {
      "url": "http://host.docker.internal/getting-started/",
      "page_rank": -2
    },
    {
      "url": "http://host.docker.internal/release-notes/",
      "page_rank": -3
    },
    {
      "url": "http://host.docker.internal/resources/articles/",
      "page_rank": -3
    },
    {
      "url": "http://host.docker.internal/resources/downloads/",
      "page_rank": -3
    },
    {
      "url": "http://host.docker.internal/",
      "page_rank": 1
    }
  ],
  "separatorsToIndex": ".-_",
  "stop_urls": [
    "http://host.docker.internal/components/.*?/\\?variant.*?",
    "http://host.docker.internal/components/.*?/\\?modifiers.*?",
    "http://host.docker.internal/components/.*?/\\?example.*?"
  ],
  "selectors_exclude": ["span.slds-badge", ".docsearch-ignore"],
  "selectors": {
    "lvl0": ".docsearch-category",
    "lvl1": "h1",
    "lvl2": {
      "selector": ".docsearch-level-2, .site-main-stage h2",
      "strip_chars": "#"
    },
    "lvl3": {
      "selector": ".docsearch-level-3, .site-main-stage h3",
      "strip_chars": "#"
    },
    "text": ".site-main-stage p, .site-main-stage__content li, .site-main-stage figure, .docsearch-text, .slds-text-longform p, .site-content th"
  },
  "min_indexed_level": 1,
  "js_render": true,
  "js_wait": 1,
  "nb_hits": 19300
}
