{"--slds-c-checkbox-radius-border":{"fallbackValue":"0.125rem","category":"Radius","valueType":"Dimension"},"--slds-c-checkbox-color-border":{"fallbackValue":"4, #c9c9c9","category":"Color","valueType":"Color"},"--slds-c-checkbox-color-background":{"fallbackValue":"100, white","category":"Color","valueType":"Color"},"--slds-c-checkbox-shadow":{"fallbackValue":"","category":"Box Shadow","valueType":"String"},"--slds-c-checkbox-color-border-checked":{"fallbackValue":"","category":"Color","valueType":"Color"},"--slds-c-checkbox-color-background-checked":{"fallbackValue":"","category":"Color","valueType":"Color"},"--slds-c-checkbox-mark-color-foreground":{"fallbackValue":"#0176d3","category":"Color","valueType":"Color"},"--slds-c-checkbox-color-border-focus":{"fallbackValue":"","category":"Color","valueType":"Color"},"--slds-c-checkbox-shadow-focus":{"fallbackValue":"1, 0 0 3px #0176d3","category":"Box Shadow","valueType":"String"}}