{"--slds-c-checkbox-toggle-color-border":{"fallbackValue":"60, #aeaeae","category":"Color","valueType":"Color"},"--slds-c-checkbox-toggle-color-background":{"fallbackValue":"60, #aeaeae","category":"Color","valueType":"Color"},"--slds-c-checkbox-toggle-radius-border":{"fallbackValue":"15rem","category":"Radius","valueType":"Dimension"},"--slds-c-checkbox-toggle-shadow":{"fallbackValue":"","category":"Box Shadow","valueType":"String"},"--slds-c-checkbox-toggle-color-background-hover":{"fallbackValue":"50, #939393","category":"Color","valueType":"Color"},"--slds-c-checkbox-toggle-color-border-hover":{"fallbackValue":"","category":"Color","valueType":"Color"},"--slds-c-checkbox-toggle-switch-color-background":{"fallbackValue":"100, white","category":"Color","valueType":"Color"},"--slds-c-checkbox-toggle-color-background-focus":{"fallbackValue":"50, #939393","category":"Color","valueType":"Color"},"--slds-c-checkbox-toggle-shadow-focus":{"fallbackValue":"1, 0 0 3px #0176d3","category":"Box Shadow","valueType":"String"},"--slds-c-checkbox-toggle-color-border-checked":{"fallbackValue":"#0176d3","category":"Color","valueType":"Color"},"--slds-c-checkbox-toggle-color-background-checked":{"fallbackValue":"#0176d3","category":"Color","valueType":"Color"},"--slds-c-checkbox-toggle-color-background-checked-hover":{"fallbackValue":"#014486","category":"Color","valueType":"Color"},"--slds-c-checkbox-toggle-switch-color-background-checked":{"fallbackValue":"white","category":"Color","valueType":"Color"},"--slds-c-checkbox-toggle-mark-color-foreground":{"fallbackValue":"100, white","category":"Color","valueType":"Color"},"--slds-c-checkbox-toggle-color-background-checked-focus":{"fallbackValue":"#014486","category":"Color","valueType":"Color"}}