{"--slds-c-badge-text-color":{"fallbackValue":"10, #181818","category":"Color","valueType":"Color"},"--slds-c-badge-font-size":{"fallbackValue":"0.75rem","category":"Font","valueType":"Dimension"},"--slds-c-badge-line-height":{"fallbackValue":"normal","category":"Text","valueType":"Number"},"--slds-c-badge-sizing-border":{"fallbackValue":"1px","category":"Sizing","valueType":"Dimension"},"--slds-c-badge-color-border":{"fallbackValue":"transparent","category":"Color","valueType":"Color"},"--slds-c-badge-radius-border":{"fallbackValue":"15rem","category":"Radius","valueType":"Dimension"},"--slds-c-badge-color-background":{"fallbackValue":"95, #f3f3f3","category":"Color","valueType":"Color"},"--slds-c-badge-inverse-color-background":{"fallbackValue":"50, #747474","category":"Color","valueType":"Color"},"--slds-c-badge-inverse-text-color":{"fallbackValue":"100, white","category":"Color","valueType":"Color"},"--slds-c-badge-lightest-color-background":{"fallbackValue":"100, white","category":"Color","valueType":"Color"},"--slds-c-badge-lightest-color-border":{"fallbackValue":"1, #e5e5e5","category":"Color","valueType":"Color"},"--slds-c-badge-icon-color-foreground":{"fallbackValue":"50, #747474","category":"Color","valueType":"Color"},"--slds-c-badge-icon-inverse-color-foreground":{"fallbackValue":"currentColor","category":"Color","valueType":"Color"}}